MES;CATEGORIA;ITEM;SAIDA;ENTRADA
JANEIRO;PAGUEI;NUBANK;2252,36;
JANEIRO;CARTÃO ITAÚ;CARTÃO CREDITO;1802,27;
JANEIRO;OUTROS;(vazio);762,68;
JANEIRO;GUARDEI;NUBANK;710,12;6686,59
JANEIRO;LINDINHA;REMEDIO E ISCA;40;
JANEIRO;LINDINHA;VETERINARIO;270;
JANEIRO;RAFAEL;VALE ALIMENTAÇÃO ;275;
JANEIRO;MEU;CALÇA;39,99;
JANEIRO;MEU;MANUTENÇÃO UNHA;59;
JANEIRO;MEU;MARY KAY ;80;
JANEIRO;MEU;ROUPAS ACADEMIA E TRA;44,97;
JANEIRO;MEU;TROCA CALÇA ;20;
JANEIRO;PRESENTE;PRESENTE ISABELA;213,99;
JANEIRO;MEU JF;CALÇA;97,97;
JANEIRO;MEU JF;CREME CABELO;78,56;
JANEIRO;ESCOLA;CAPRICHO M. ESCOLAR;77,9;
JANEIRO;ESCOLA;REGIS MATERIAL ESCOLAR;96,44;
JANEIRO;CONTA DA NET ;CONTA DE TELEFONE ;174,04;
JANEIRO;PASSEIO JF;AUQUIMIA;169,84;
JANEIRO;JOÃO LUCAS JF;BRINQUEDO;35,93;
JANEIRO;JOÃO LUCAS JF;CHOCOLATE;1,8;
JANEIRO;JOÃO LUCAS JF;FINI;6,98;
JANEIRO;JOÃO LUCAS JF;PARQUINHO;60;
JANEIRO;CONTA DE LUZ;CONTA DE LUZ;103,46;
JANEIRO;JUIZ DE FORA;(vazio);101,75;
JANEIRO;SUPERMERCADO;ATACADÃO;72,63;
JANEIRO;JOÃO LUCAS;BOLINHA SABÃO;3;
JANEIRO;JOÃO LUCAS;BRIQUEDO;33,99;
JANEIRO;JOÃO LUCAS;CORTE ;30;
JANEIRO;PADARIA;PADARIA;61,47;
JANEIRO;CONTA DE ÁGUA;CONTA DE ÁGUA;53,18;
JANEIRO;ESCOLA ;ESCOLA JL;50;
JANEIRO;CASA;FRONHAS;41,95;
JANEIRO;LINDINHA JF;LINDINHA;27;
JANEIRO;PASTEL FJ;PASTEL;23;
JANEIRO;JOÃO LUCAS FJ;RIHAPPY JL;19,98;
JANEIRO;LINDINHAJF;LINDINHA;16;
JANEIRO;AÇAI;AÇAI;15,99;
JANEIRO;CARRO;PEDÁGIO;11,1;
JANEIRO;ESTACIONAMENTO JF;ESTACIONAMENTO;2;
JANEIRO;RAFAEL JF;ESTAVA ME DEVENDO;;350
FEVEREIRO;PAGUEI;NUBANK;4060;
FEVEREIRO;CARTÃO ITAÚ;CARTÃO CREDITO;2222,74;
FEVEREIRO;JUIZ DE FORA;ALMOÇO;69,3;
FEVEREIRO;JUIZ DE FORA;CHURRASCARIA ;227;
FEVEREIRO;JUIZ DE FORA;DIVERSOS;7;
FEVEREIRO;JUIZ DE FORA;EMPORIO;299,92;
FEVEREIRO;JUIZ DE FORA;FARMACIA;20;
FEVEREIRO;JUIZ DE FORA;LANCHE;70;
FEVEREIRO;JUIZ DE FORA;PADARIA;28,7;
FEVEREIRO;JUIZ DE FORA;PASSAGEM ;843,73;
FEVEREIRO;JUIZ DE FORA;SORVETERIA;33,14;
FEVEREIRO;RAFAEL;PRESENTE;;200
FEVEREIRO;RAFAEL;VALE;385;
FEVEREIRO;MEU;PACOTE UNHA;89;
FEVEREIRO;MEU;SUTIAN ;45;
FEVEREIRO;MEU;TENIS;179,99;
FEVEREIRO;PASSEIO;CASA FLORESTA;20;
FEVEREIRO;PASSEIO;CLUBE;75,32;
FEVEREIRO;PASSEIO;REST CASA FLORESTA;190,79;
FEVEREIRO;JOÃO LUCAS;BRINQUEDO;15,8;
FEVEREIRO;JOÃO LUCAS;CAMISETA;25,9;
FEVEREIRO;JOÃO LUCAS;FRALDA ;75,5;
FEVEREIRO;JOÃO LUCAS;ÓLEO ,MENTA;29,99;
FEVEREIRO;DIVERSOS;DIVERSOS;80,98;
FEVEREIRO;DIVERSOS;SOBRINHA CAPA ;63;
FEVEREIRO;LINDINHA;ISCA;13,4;
FEVEREIRO;LINDINHA;VETERINARIO;120;
FEVEREIRO;UNHA;MANUTENÇÃO UNHA ;59;
FEVEREIRO;UNHA;RETIRADA UNHA ;59;
FEVEREIRO;FARMACIA;FARMACIA;110,25;
FEVEREIRO;CONTA CELULAR;CONTA CELULAR;110;200
FEVEREIRO;CONTA DE NET;CONTA DE NET;103,94;
FEVEREIRO;(vazio);(vazio);100;
FEVEREIRO;LANCHE;LANCHE;89,99;
FEVEREIRO;NUTRICIONISTA;NUTRICIONISTA;75;
FEVEREIRO;ACADEMIA;CROSS ;60;
FEVEREIRO;C0NTA DE LUZ;C0NTA DE LUZ;56,5;
FEVEREIRO;PADARIA;PADARIA;53,25;
FEVEREIRO;CONTA DE ÁGUA;CONTA DE ÁGUA;53,18;
FEVEREIRO;ESCOLA ;ESCOLA JL;50;
FEVEREIRO;GUARDEI;NUBANK;36,87;
FEVEREIRO;PEDAGIO;PEDAGIO;26;
FEVEREIRO;PASTEL;PASTEL;24,99;
FEVEREIRO;AÇAI;AÇAI;16,99;
FEVEREIRO;ESTACIONAMENTO;ESTACIONAMENTO;2,3;
MARCO;PAGUEI;NUBANK;2162,92;
MARCO;CARTÃO ITAÚ;CARTÃO CREDITO;1609,46;
MARCO;JUIZ DE FORA;BLUSA MINHA;32;
MARCO;JUIZ DE FORA;DIVERSOS;15;
MARCO;JUIZ DE FORA;FARMACIA;12,14;
MARCO;JUIZ DE FORA;JANTA;39,4;
MARCO;JUIZ DE FORA;LIVRO;12,9;
MARCO;JUIZ DE FORA;MERCADINHO;34,75;
MARCO;JUIZ DE FORA;PADARIA;50;
MARCO;JUIZ DE FORA;PASSAGEM;600,72;
MARCO;JUIZ DE FORA;PRESENTE RAFAEL;71,97;
MARCO;JUIZ DE FORA;RODOVIARIA;35;
MARCO;RAFAEL;VALE;623;
MARCO;PRESENTE;AMANDA ;100;
MARCO;PRESENTE;PEDRO NET0;57;
MARCO;PRESENTE;TOP;36;36
MARCO;PASSAGEM;DEVOLUÇÃO DO VALOR;;332,46
MARCO;PASSAGEM;PASSAGEM;187,24;123
MARCO;JOÃO LUCAS;BRINQUEDO;35,96;
MARCO;JOÃO LUCAS;BRIQUEDO;30;
MARCO;JOÃO LUCAS;CAMISETA;12;
MARCO;JOÃO LUCAS;CORTE;25;
MARCO;JOÃO LUCAS;GEL;30;
MARCO;JOÃO LUCAS;PELICULA ;15;
MARCO;JOÃO LUCAS;SALGADINHO;7;
MARCO;JOÃO LUCAS;TINTA CABELO;14,99;
MARCO;JOÃO LUCAS;TOALHINHA;12;
MARCO;CONTA DE NET;CONTA DE NET;176,04;
MARCO;JOÃO LUCAS JF;BRINQUEDO;70;
MARCO;JOÃO LUCAS JF;CHINELO ;36,9;
MARCO;JOÃO LUCAS JF;ROUPA;35;
MARCO;JOÃO LUCAS JF;SORVETE;16,9;
MARCO;JOÃO LUCAS JF;URSINHO ;6;
MARCO;FARMÁCIA JL;FARMACIA;145,12;
MARCO;MEU;CAMISETA;50;
MARCO;MEU;JOGO AVIÃOZINHO;30;
MARCO;MEU;PELICULA MINHA;20;
MARCO;MEU;RIFA;30;
MARCO;FARMACIA;FARMACIA;122,88;
MARCO;C0NTA DE LUZ;C0NTA DE LUZ;93,1;
MARCO;PASTEL;PASTEL;88;
MARCO;PADARIA;PADARIA;85,35;
MARCO;UNHA;UNHA;85;
MARCO;LANCHE;ETERNO ;31;
MARCO;LANCHE;LANCHE;54;
MARCO;SUPERMERCADO;LARANJA;10;
MARCO;SUPERMERCADO;MERCADINHO;27,75;
MARCO;SUPERMERCADO;QUEIJO E CASTANHA;25,35;
MARCO;SUPERMERCADO;TEMPERO;17,5;
MARCO;PIZZA;PIZZA;79,18;
MARCO;NUTRICIONISTA;NUTRICIONISTA;70;
MARCO;CONTA DE ÁGUA;CONTA DE ÁGUA;54,44;
MARCO;ESCOLA ;ESCOLA JL;50;
MARCO;FARMACIA JL;FARMACIA;41,91;
MARCO;DIVERSOS;DIVERSOS;34,96;
MARCO;DOCE;CASADINHA;25;
MARCO;SORVETE;SORVETE;22;
MARCO;FEIRA;FEIRA;9,75;
MARCO;ESTACIONAMENTO;ESTACIONAMENTO;4,6;
MARCO;AMANDA;AMANDA ;;131,2
ABRIL;CARRO;CARRO;6000;
ABRIL;CARRO;COMBUSTIVÉL;150;4918,85
ABRIL;PAGUEI;NUBANK;3066;
ABRIL;CARTÃO ITAÚ;CARTÃO CREDITO;2024,79;
ABRIL;COLCHÃO;COLCHÃO ;950;
ABRIL;JUIZ DE FORA;ALMOÇO;40;
ABRIL;JUIZ DE FORA;BLUSA MINHA;29,99;
ABRIL;JUIZ DE FORA;DIVEROS;22;
ABRIL;JUIZ DE FORA;ESPUMA TENIS;25,99;
ABRIL;JUIZ DE FORA;IGREJA;10;
ABRIL;JUIZ DE FORA;LINDINHA;32,9;
ABRIL;JUIZ DE FORA;LIVROS;63,9;
ABRIL;JUIZ DE FORA;MAQUINA URSINHO;11;
ABRIL;JUIZ DE FORA;PASSAGEM;140,72;
ABRIL;JUIZ DE FORA;SABONETE;30;
ABRIL;JUIZ DE FORA;SORVETE;34,5;
ABRIL;JUIZ DE FORA;TOALHA MESA;34,99;
ABRIL;JUIZ DE FORA;TOP SHOPPE;44,77;
ABRIL;JOÃO LUCAS;AGUA;5;
ABRIL;JOÃO LUCAS;CORTE ;30;
ABRIL;JOÃO LUCAS;DEMILLUS;115,1;
ABRIL;JOÃO LUCAS;FRALDA;79,5;
ABRIL;JOÃO LUCAS;GARAFFINHA;16,97;
ABRIL;JOÃO LUCAS;LIVROS;2,5;
ABRIL;JOÃO LUCAS;PARQUINHO;42;
ABRIL;JOÃO LUCAS;RECARGA CELULAR;15;
ABRIL;JOÃO LUCAS;ROUPAS MARISA;81;
ABRIL;JOÃO LUCAS;SALGADO;8,25;
ABRIL;JOÃO LUCAS;SANDALIA JL;19,95;
ABRIL;LANCHE;ALIMENTAÇÃO ;71;
ABRIL;LANCHE;HOTDOG;57;
ABRIL;LANCHE;LANCHE;23,97;
ABRIL;LANCHE;MARCÃO;105;
ABRIL;CONTA DE NET;CONTA DE NET;174,04;
ABRIL;MEU;BOLSA;97;
ABRIL;MEU;CAFEINA;49,9;
ABRIL;PADARIA;DONA DOCA;71,75;
ABRIL;PADARIA;PADARIA;75,15;
ABRIL;JUIZ DE FORA JL;AGUA;2,5;
ABRIL;JUIZ DE FORA JL;FARMACIA ;20,68;
ABRIL;JUIZ DE FORA JL;LANCHONETE;31,7;
ABRIL;JUIZ DE FORA JL;MAQUINA  DE URSINHO;12;
ABRIL;JUIZ DE FORA JL;PARQUINHO;60;
ABRIL;JUIZ DE FORA JL;(vazio);15;
ABRIL;SAÚDE;MÉDICO;140;
ABRIL;OVO DE PASCOA;ISABELA;60;
ABRIL;OVO DE PASCOA;JOÃO LUCAS;60;
ABRIL;PRESENTE;CAIO;34;
ABRIL;PRESENTE;CHOCOLATE;77,91;
ABRIL;PASTEL;PASTEL;105,5;
ABRIL;C0NTA DE LUZ;C0NTA DE LUZ;99,3;
ABRIL;FARMACIA;FARMACIA ;44;
ABRIL;FARMACIA;INJEÇÃO;39;
ABRIL;LAMCHE;MARCÃO;59;
ABRIL;CONTA DE ÁGUA;CONTA DE ÁGUA;55,5;
ABRIL;ESCOLA ;ESCOLA JL;50;
ABRIL;FARMACIA JL;FARMACIA ;49,98;
ABRIL;SAPATEIRO;SAPATEIRO;40;
ABRIL;CASA;WAGÃO;37,49;
ABRIL;AÇAI;AÇAI;29,28;
ABRIL;SORVETE;SORVETE;26,9;
ABRIL;SUPERMERCADO;COLINAS;14,42;
ABRIL;SUPERMERCADO;SUPERMERCADO;12,03;
ABRIL;ALMOÇO;ALMOÇO;26;
ABRIL;DIVERSOS;DIVEROS;25;
ABRIL;LINDINHA;LINDINHA;20;
ABRIL;ESTACIONAMENTO;ESTACIONAMENTO;10;
ABRIL;ESTACIONAMENTO;SHOPPING;7;
ABRIL;ECOLA;JOÃO LUCAS;10;
ABRIL;MAQUINA DE URSINHO;MAQUINA DE URSINHO;7;
ABRIL;MAQUINA;MAQUINA ;;5
ABRIL;RAFAEL;PASSAGEM;;157
MAIO;PAGUEI;NUBANK;4000;
MAIO;CARTÃO ITAÚ;CARTÃO CREDITO;1485,49;40
MAIO;SAÚDE;DENTISTA;800;
MAIO;SAÚDE;HOSPITAL MEU;187,5;
MAIO;SAÚDE;MEDICAÇÃO HOSPITAL;135,6;
MAIO;SAÚDE;NUTRICIONISTA;75;
MAIO;PRESENTE;AMANDA;10;
MAIO;PRESENTE;BOLO;55;
MAIO;PRESENTE;DONA NEUZINHA;25;
MAIO;PRESENTE;LUZES;170;
MAIO;PRESENTE;MÃE ;212,09;100
MAIO;RAFAEL;RAFAEL;470;
MAIO;JOAO LUCAS;BLUSA DE FRIO;118,99;
MAIO;JOAO LUCAS;CABELO;30;
MAIO;JOAO LUCAS;CALÇA;59,8;
MAIO;JOAO LUCAS;ESCOLA JL;12;
MAIO;JOAO LUCAS;JOÃO LUCAS;19,99;
MAIO;JOAO LUCAS;PARQUINHO;12;
MAIO;JOAO LUCAS;RIACHUELO;19,95;
MAIO;JOAO LUCAS;SANTO;20;
MAIO;JOAO LUCAS;TERÇO;5;
MAIO;JOAO LUCAS;WOONDY;85;
MAIO;SUPERMERCADO;ATACADÃO;190,43;
MAIO;SUPERMERCADO;COLINAS;93,51;
MAIO;SUPERMERCADO;MERCADINHO;19,77;
MAIO;SUPERMERCADO;TEMPERO;21,97;
MAIO;FARMACIA;COLAGENO;132,99;
MAIO;FARMACIA;FARMACIA;125,05;
MAIO;SAUDE;EXAME DE SANGUE;210;
MAIO;PADARIA;MANTEIGA;15;
MAIO;PADARIA;PADARIA;184,7;
MAIO;CONTA DE NET;CONTA DE NET;174,04;
MAIO;MEU;COSTURA;35;
MAIO;MEU;SUMIRE;22,4;
MAIO;MEU;UNHA;89;
MAIO;PIZZA;ESFIHA;44;
MAIO;PIZZA;LOLA;73,4;
MAIO;C0NTA DE LUZ;C0NTA DE LUZ;107,85;
MAIO;LANCHE;MARÇÃO;54;
MAIO;LANCHE;SANTISTA;50;24
MAIO;PASTEL;PASTEL;76;
MAIO;DIVERSOS;DIVERSOS;69,81;
MAIO;PASSEIO;AGUA;7;
MAIO;PASSEIO;MUSEU;50;
MAIO;CONTA DE ÁGUA;CONTA DE ÁGUA;56,24;
MAIO;CARRO;COMBUSTIVÉL;50;
MAIO;ESCOLA ;ESCOLA JL;50;
MAIO;COMBUSTIVÉL;COMBUSTIVÉL;50;
MAIO;MARMITEX;ALMOÇO;26;
MAIO;MARMITEX;COMIDA;13;
MAIO;ESTACIONAMENTO;ESTACIONAMENTO;31;
MAIO;AÇAI;AÇAI;29,5;
MAIO;LINDINHA;ISCA;14;
MAIO;LINDINHA;PRESENTE;15;
MAIO;PIPOCA;PIPOCA;21;
JUNHO;TERRENO;1 PARCELA ENT TERRENO;2302,59;
JUNHO;CARTÃO  ITAÚ;CARTÃO CREDITO;1693;
JUNHO;MEU;BARRIGA NEGATIVA;97;
JUNHO;MEU;CALÇINHAS;50;
JUNHO;MEU;CREME;59,9;
JUNHO;MEU;ESTETICA;670;
JUNHO;MEU;ROUPAS;60;
JUNHO;MEU;STEPHANE;90;
JUNHO;JOÃO LUCAS;BRINQUEDO;58;
JUNHO;JOÃO LUCAS;FRALDA;87,34;
JUNHO;JOÃO LUCAS;LUVA E TOCA;48;
JUNHO;JOÃO LUCAS;MEIA CALÇA;20;
JUNHO;JOÃO LUCAS;PRESENTE ESCOLA;15;
JUNHO;JOÃO LUCAS;ROUPAS;195;
JUNHO;SUPERMERCADO;CHURRASCO;97;
JUNHO;SUPERMERCADO;COLINAS;315,75;
JUNHO;LAZER;7 LAGOS;262;
JUNHO;LAZER;FESTA ESCOLA;59;40
JUNHO;RAFAEL;BATERIA;137,5;
JUNHO;RAFAEL;PAGOU;;560
JUNHO;RAFAEL;RAFAEL;72;
JUNHO;RAFAEL;TENIS;87,5;
JUNHO;LANCHE;MARCÃO;95;
JUNHO;LANCHE;SANTISTA;50;
JUNHO;LANCHE;VIEIRA;57;
JUNHO;CONTA DE NET;CONTA DE NET;174,04;
JUNHO;C0NTA DE LUZ;C0NTA DE LUZ;134,35;
JUNHO;FRAMACIA ;COLAGENO;132,99;
JUNHO;DIVERSOS;CALDO;10;
JUNHO;DIVERSOS;DIVERSOS;114,99;
JUNHO;DOCE;AUREA;5;
JUNHO;DOCE;M A DOCERIA;87,5;
JUNHO;MARMITEX;COMIDA;91,98;
JUNHO;SUADE;NUTRICONISTA;90;
JUNHO;PADARIA;PADARIA;89,75;
JUNHO;UNHA;PACOTE;69;
JUNHO;CONTA DE ÁGUA;CONTA DE ÁGUA;61,01;
JUNHO;ESCOLA ;ESCOLA JL;60;
JUNHO;RIACHUELO;PRESENTE SR TARCSIO;49,9;
JUNHO;PRESENTE;EMANUELLY;40;
JUNHO;CASA;CABO DE REDE;20;
JUNHO;CASA;QUEIJO;15;
JUNHO;PASTEL;PASTEL;33;
JUNHO;FRAMACIA JL;SORO FISIOLOGICO;17,97;
JUNHO;PIPOCA;PIPOCA;10;
JUNHO;CARRO;ESTACIONAMENTO;10;
JUNHO;FEIRA;FEIRA;4,5;
JULHO;CARTÃO ITAÚ;CARTÃO CREDITO;1093,2;
JULHO;SUPERMERCADO;ATACADÃO;442,32;
JULHO;SUPERMERCADO;COLINAS;112,86;
JULHO;SUPERMERCADO;MAXIMO;67,7;
JULHO;SUPERMERCADO;MERCADINHO;79,67;
JULHO;PRESENTE;ACEESORIOS;67,9;
JULHO;PRESENTE;BIANCA;88,7;
JULHO;PRESENTE;CALÇA ;75,9;
JULHO;PRESENTE;ISABELA;20;
JULHO;PRESENTE;LILIAN;62;
JULHO;PRESENTE;PRESENTE;48;
JULHO;PRESENTE;RIACHUELO;127,27;
JULHO;PRESENTE;SAPATO;184,85;
JULHO;PRESENTE;TOP;19,99;
JULHO;ANIVER JL;CAMISETA;48,31;
JULHO;ANIVER JL;DECORAÇÃO;125;
JULHO;ANIVER JL;FOTOGROFO;200;
JULHO;PADARIA;DOCA;36,9;
JULHO;PADARIA;PADARIA;295,88;
JULHO;PADARIA;PÁDARIA;17,5;
JULHO;PASSEIO;ANIVER BIANCA;100;
JULHO;PASSEIO;CIRCO;192,5;
JULHO;PASSEIO;FESTA JUNINA;55;
JULHO;MEU PRESENTE;DONA NEUZINHA;;150
JULHO;MEU PRESENTE;MÃE;;200
JULHO;MEU PRESENTE;MEU PRESENTE;309,79;
JULHO;MEU PRESENTE;PAI;;500
JULHO;JOAO LUCAS;BÁU;50;
JULHO;JOAO LUCAS;BRINQUEDO;50;
JULHO;JOAO LUCAS;CORTE CABELO;20;
JULHO;JOAO LUCAS;FRALDA;74,9;
JULHO;JOAO LUCAS;LENÇO;9,95;
JULHO;JOAO LUCAS;PIJAMA;50;
JULHO;BELEZA GENEROSA;BELLA PLUS;240,7;
JULHO;DOCE;AÇAI;26;
JULHO;DOCE;CHOCOLATE;7,8;
JULHO;DOCE;CHURROS;67;
JULHO;DOCE;DOCE;11,5;
JULHO;DOCE;M A DOCERIAS;20;
JULHO;DOCE;MA DOCERIA;40;
JULHO;DOCE;SORVETE;21;
JULHO;CONTA DE NET;CONTA DE NET;174,04;
JULHO;MEU;MARY KAY;131,8;
JULHO;MEU;MEU CONJUTO;10;
JULHO;LINDINHA;LINDINHA;12,8;
JULHO;LINDINHA;RAÇÃO;33,8;
JULHO;LINDINHA;REMEDIO;82,4;
JULHO;C0NTA DE LUZ;C0NTA DE LUZ;123;
JULHO;CROSS;CAMISETA;110;
JULHO;PIZZA;PIZZA;59,9;
JULHO;PIZZA;PIZZA1;44,9;
JULHO;RAFAEL;TÊNIS E LIVRO;95;
JULHO;FARMACIA JL;FARMACIA;52,01;
JULHO;FARMACIA JL;POMADA;42,84;
JULHO;FARMACIA;ANSIEDADE;58,49;
JULHO;FARMACIA;FARMACIA;28,12;
JULHO;UNHA;PACOTE;79;
JULHO;ESCOLA ;ESCOLA JL;50;
JULHO;ESCOLA ;SASIMG;20;
JULHO;CASA;BORRIFADOR;50;
JULHO;CASA;FERRAGEM;18,5;
JULHO;CONTA DE ÁGUA;CONTA DE ÁGUA;61,32;
JULHO;PASTEL;PASTEL;54;
JULHO;COMIDA;MARMITEX;13;
JULHO;COMIDA;MARY KAY;13;
JULHO;COMIDA;MISTURA;22;
JULHO;ESFHIRA;ESFHIRA;41,5;
JULHO;FEIRA;FEIRA;40;
JULHO;DIVERSOS;DIVERSOS;28,99;
JULHO;DIVERSOS;VELA;5;
JULHO;CHURROS;CHURROS;30;
JULHO;SALGADO;EMPAGA;26,07;
JULHO;AÇAI;AÇAI;26;
JULHO;MAQUINA URSINHO;MAQUINA URSINHO;21;
JULHO;XEROX;xerox;2,8;
AGOSTO;ANIVER JOÃO LUCAS;BALA, VELA E PAPEL;26,8;
AGOSTO;ANIVER JOÃO LUCAS;BEIDAS;50;
AGOSTO;ANIVER JOÃO LUCAS;BOLO;238,41;200
AGOSTO;ANIVER JOÃO LUCAS;BOLO FAKE;57,6;
AGOSTO;ANIVER JOÃO LUCAS;DECORAÇÃO;125;125
AGOSTO;ANIVER JOÃO LUCAS;DOCE ;80;80
AGOSTO;ANIVER JOÃO LUCAS;DOCES;80;
AGOSTO;ANIVER JOÃO LUCAS;DOCES SACOLINHA;45,4;
AGOSTO;ANIVER JOÃO LUCAS;GARÇONETE;120;118
AGOSTO;ANIVER JOÃO LUCAS;SALGADO;382,5;190
AGOSTO;TERREN0;TERRENO;1152;
AGOSTO;CARTÃO ITAÚ;CARTÃO CREDITO;1014,35;
AGOSTO;FARMACIA;FARMACIA;329,51;
AGOSTO;CABELO;ESCOVA;60;
AGOSTO;CABELO;LUZES E HIDRATAÇÃO;250;
AGOSTO;MEU;ACESSORIO CAROL;120;
AGOSTO;MEU;CAMISA SOLANGE;80;
AGOSTO;MEU;PULSEIRA;24;
AGOSTO;MEU;SUTIA;54;
AGOSTO;PADARIA;CAFÉ ;17;
AGOSTO;PADARIA;DOCA;33,7;
AGOSTO;PADARIA;PADARIA;226,28;
AGOSTO;SUPERMERCADO;ATACADÃO;179,88;
AGOSTO;SUPERMERCADO;COLINAS;38,5;
AGOSTO;SUPERMERCADO;MERCADINHO;27,83;
AGOSTO;SUPERMERCADO;SUPERMERCADO;28,07;
AGOSTO;SAÚDE;CEPOG;232;
AGOSTO;RAFAEL;ESCRIVANINHA;231,99;
AGOSTO;JOÃO LUCAS; BRINQUEDO;30;
AGOSTO;JOÃO LUCAS;ALCOOL;4,99;
AGOSTO;JOÃO LUCAS;BETE;69,99;
AGOSTO;JOÃO LUCAS;BRINQUEDO;20;
AGOSTO;JOÃO LUCAS;Cabelo;20;
AGOSTO;JOÃO LUCAS;CAMISETA ;29;
AGOSTO;JOÃO LUCAS;MEIAS ;30;
AGOSTO;COMBUSTIVÉL;COMBUSTIVÉL;150;
AGOSTO;COMBUSTIVÉL;GASOLINA;50;
AGOSTO;PRESENTE;AMANDA;17,99;
AGOSTO;PRESENTE;GRAMPEADOR;41,15;
AGOSTO;PRESENTE;PAI;49,9;
AGOSTO;PRESENTE;PRESENTE  JR;70,5;
AGOSTO;CONTA DE NET;CONTA DE NET;174,04;
AGOSTO;DOCE;CHOCOLATE;24,9;
AGOSTO;DOCE;CHURROS;30;
AGOSTO;DOCE;DELI;75;
AGOSTO;DOCE;DOCES;24,02;
AGOSTO;PASSEIO;ESPETINHO;125,84;
AGOSTO;PASSEIO;PEDAGIO;26;
AGOSTO;DIVERSOS;AMERICANAS ;12,99;
AGOSTO;DIVERSOS;BOBEIRA;23;
AGOSTO;DIVERSOS;BRINCO;35;
AGOSTO;DIVERSOS;DIVERSOS;48,08;
AGOSTO;MARMITEX; COMIDA;34;
AGOSTO;MARMITEX;ALMOÇO;20;
AGOSTO;MARMITEX;FANGO;30;
AGOSTO;MARMITEX;MARMITEX;34;
AGOSTO;C0NTA DE LUZ;C0NTA DE LUZ;113,95;
AGOSTO;CASA;APARELHO;30;
AGOSTO;CASA;SABONETE ROSTO;34,7;
AGOSTO;CASA;SAPATEIRA;18,36;
AGOSTO;CASA;TAPETE;29,63;
AGOSTO;PASTEL;PASTEL;109,75;
AGOSTO;COSTURA;COSTURA;45;
AGOSTO;COSTURA;ROSA COSTUREIRA;50;
AGOSTO;LANCHE ;MC;93;
AGOSTO;ESCOLA ;ESCOLA JL;70;
AGOSTO;ESCOLA ;PRESENTE ;15,6;
AGOSTO;UNHA;PACOTE;85;
AGOSTO;FARMACIA JL;FARMACIA;82,39;
AGOSTO;CONTA DE ÁGUA;CONTA DE ÁGUA;66,09;
AGOSTO;ESPETINHO;ESPETINHO;57;
AGOSTO;LANCHE;SANTISTA;50;
AGOSTO;AÇAI;AÇAI;49;
AGOSTO;SORVETE;SORVETE;47,93;
AGOSTO;RIACHUELO;RIACHUELO;45;100
AGOSTO;FEIRA;FEIRA ;44;
AGOSTO;COMIDA;MARMITEX;30;
AGOSTO;SALGADO;EMPADA;18,47;
AGOSTO;CARTÃO;CARTÃO CREDITO;16,9;
AGOSTO;ESTACIONAMENTO;ESTACIONAMENTO;8;
AGOSTO;MAQUINA DE URSINHO;MAQUINA DE URSINHO;6;
AGOSTO;AGUA;AGUA;4;
AGOSTO;IR;IMPOSTO RENDA;;1477,89
SETEMBRO;TERRNO;TERRENO;2304;
SETEMBRO;CARTÃO;CARTÃO CREDITO;1319,44;517
SETEMBRO;SUPERMERCADO;ATACADÃO;242,63;
SETEMBRO;SUPERMERCADO;COLINAS;322,71;
SETEMBRO;SUPERMERCADO;MAXIMO;100;
SETEMBRO;SAUDE JL;CONSULTA ;187,5;
SETEMBRO;SAUDE JL;VACINA;400;
SETEMBRO;BELEZA GENEROSA;CHIP ;15;
SETEMBRO;BELEZA GENEROSA;MILLA ROUPAS ;572,41;
SETEMBRO;RIACHUELO;RIACHUELO;321,76;200
SETEMBRO;PRESENTE;PRESENTE MÃE;249,99;125
SETEMBRO;RAFAEL;RAFAEL;60;
SETEMBRO;RAFAEL;(vazio);180;90
SETEMBRO;LANCHE;IFOOD;22,72;
SETEMBRO;LANCHE;LANCHE;86;
SETEMBRO;LANCHE;SANTISTA;91;
SETEMBRO;CHURRASCARIA;ANIVER MAE;179,45;
SETEMBRO;CONTA DE NET;CONTA DE NET;174,04;
SETEMBRO;JOÃO LUCAS;BRINQUEDO;10;
SETEMBRO;JOÃO LUCAS;JOAO LUCAS;61,26;
SETEMBRO;JOÃO LUCAS;ROUPAS;89,95;
SETEMBRO;PADARIA;DONA DOCA;37,6;
SETEMBRO;PADARIA;PADARIA;123,2;
SETEMBRO;FARMACIA;FARMACIA;160,04;
SETEMBRO;DIVERSOS;AMERICANAS;8,99;
SETEMBRO;DIVERSOS;DIVERSOS;142,27;
SETEMBRO;ANIVERSÁRIO JL;FOTO ANIVER JL;150;
SETEMBRO;FARMACIA JL;FARMACIA;147,42;
SETEMBRO;PASTEL;PASTEL;140;
SETEMBRO;LOWELL;MARCELA ;132;
SETEMBRO;PASSEIO;POSTO;31,6;
SETEMBRO;PASSEIO;ZOOLOGICO;100;
SETEMBRO;C0NTA DE LUZ;C0NTA DE LUZ;129,75;
SETEMBRO;PIZZA;IFOOD;43,5;
SETEMBRO;PIZZA;PIZZA;80;40
SETEMBRO;FEIRA;FEIRA;121;
SETEMBRO;MARMITEX;COMIDA;117;
SETEMBRO;UNHA;PACOTE;89;
SETEMBRO;JANTA; BARBARESCO;81,4;
SETEMBRO;CONTA DE ÁGUA;CONTA DE ÁGUA;66,09;
SETEMBRO;ESCOLA ;ESCOLA JL;50;
SETEMBRO;DOCE;CHURROS;30;
SETEMBRO;DOCE;IFOOD;14,32;
SETEMBRO;DOCE;PICOLÉ;4;
SETEMBRO;UBER;UBER;29,96;
SETEMBRO;AÇAI;AÇAI ;27;
SETEMBRO;PEDAGIO;PEDAGIO;26;
SETEMBRO;COMIDA;MARMITEX;15;
SETEMBRO;CASA;CASA;14,6;
SETEMBRO;LINDINHA;LINDINHA;9,99;
SETEMBRO;CARRO;ESTACIIONAMENTO;8;
SETEMBRO;IGREJA;IGREJA;3;
SETEMBRO;AGUA;AGUA ;1,99;
SETEMBRO;PAI;PAI;;250
OUTUBRO;TERRENO;TERRNO;1152;
OUTUBRO;CARTÃO;CARTÃO CREDITO;930,62;542
OUTUBRO;SUPERMERCADO;ATACADÃO;210,15;
OUTUBRO;SUPERMERCADO;COLINAS;321,07;
OUTUBRO;SUPERMERCADO;SPANI;200;
OUTUBRO;EXAME NAT;ECO;200;
OUTUBRO;EXAME NAT;EXAME ESTEIRA;200;
OUTUBRO;EXAME NAT;ULTRASSIOM;95;
OUTUBRO;PENEDO;PENEDO;420,89;
OUTUBRO;COMBUSTIVÉL;COMBUSTIVÉL;400;
OUTUBRO;ESCOLA ;BALAS;20,56;
OUTUBRO;ESCOLA ;ESCOLA JL;50;
OUTUBRO;ESCOLA ;MATRICULA ;200;
OUTUBRO;ESCOLA ;PRESENTE;14,8;
OUTUBRO;JOAO LUCAS;ARMA DE AGUA;49,99;
OUTUBRO;JOAO LUCAS;BALDE PIPOCA CINEMA;45;
OUTUBRO;JOAO LUCAS;BRINQUEDO ;43,96;
OUTUBRO;JOAO LUCAS;CABELO;20;
OUTUBRO;JOAO LUCAS;TAPETE;89,99;
OUTUBRO;MEU;BATOM;30;
OUTUBRO;MEU;BATOM E PELICULA;23;
OUTUBRO;MEU;CAPINHA CELULAR;15;
OUTUBRO;MEU;ESCALDA PÉS;45;
OUTUBRO;MEU;SANDALIA;109,99;
OUTUBRO;LINDINHA;VETERINÁRIO;218;
OUTUBRO;RIACHUELO;RIACHUELO;214;
OUTUBRO;PADARIA;CAFÉ;33;
OUTUBRO;PADARIA;PADARIA;178,64;
OUTUBRO;BARZIM;BARZIM;210,68;
OUTUBRO;MARMITEX;COMIDA;207;
OUTUBRO;CONTA DA NET;CONTA DE NET;174,04;
OUTUBRO;CONTA DE LUZ ;C0NTA DE LUZ;127,17;
OUTUBRO;DIVERSOS;AGUA PIPIOCA;7,5;
OUTUBRO;DIVERSOS;DIVERSOS;101,76;
OUTUBRO;DIVERSOS;SUCO;11;
OUTUBRO;HOT DOG;HOT DOG;40;
OUTUBRO;HOT DOG;LANCHE;80;
OUTUBRO;CASA;CASA;53,47;
OUTUBRO;CASA;TEDDY;30,97;
OUTUBRO;CASA;WAGAÃO;35;
OUTUBRO;FARMACIA;FARMACIA;110,68;
OUTUBRO; COMBUSTIVÉL;COMBUSTIVÉL;100;
OUTUBRO;DONA MARIA;DONA MARIA;90;
OUTUBRO;PIZZA;PIZZA;86,5;
OUTUBRO;RAFAEL;CABELO;20;
OUTUBRO;RAFAEL;FARMACIA;58,64;
OUTUBRO;PASTEL;PASTEL;77;
OUTUBRO;GÁS;GÁS;76;
OUTUBRO;CONTA DE ÁGUA;CONTA DE ÁGUA;66,09;
OUTUBRO;CINEMA;CINEMA;64;
OUTUBRO;PRESENTE;ISABELA;63,97;
OUTUBRO;SAÚDE NAT;CONSULTA MÉDICA;61;
OUTUBRO;FEIRA;FEIRA;55,38;
OUTUBRO;LANCHE;LANCHE;49;
OUTUBRO;AÇAI;AÇAI;16;
OUTUBRO;AÇAI;ZURITA;24;
OUTUBRO;MISTURA;FRANGO;35;
OUTUBRO;DOCES;CHURROS;30;
OUTUBRO;CORREIOS BELZA;CORREIOS ROUPA;28,15;
OUTUBRO;ESTACIONAMENTO;ESTACIONAMENTO;18;
OUTUBRO;AGUA DE COCO;AGUA DE COCO;13;
OUTUBRO;BRECHO JL;BRECHO;;130
OUTUBRO;BRECHO MEU;BRECHO;;110
OUTUBRO;BANCO;SALDO;;1974,25
OUTUBRO;(vazio);(vazio);;7045,47
NOVEMBRO;TERRENO;TERRENO;1702,54;600
NOVEMBRO;CARTÃO;CARTÃO ITAÚ;1671,41;100
NOVEMBRO;NUBANK;CARTÃO NUBANK;178;
NOVEMBRO;NUBANK;CONTA NUBANK;575,37;60
NOVEMBRO;(vazio);(vazio);622,27;6181,26
NOVEMBRO;COMBUSTIVÉL;COMBUSTIVÉL;520;60
NOVEMBRO;SUPERMERCADO;CAVI;80;
NOVEMBRO;SUPERMERCADO;COLINAS;233,73;
NOVEMBRO;SUPERMERCADO;MAXIMO;92;
NOVEMBRO;SUPERMERCADO;MEL ;55;
NOVEMBRO;SUPERMERCADO;MERCADINHO;47,45;
NOVEMBRO;BELEZA GENEROSA;ANUNCIO BELEZA GENEROSA ;30;
NOVEMBRO;BELEZA GENEROSA;AUREA;35;83
NOVEMBRO;BELEZA GENEROSA;COMPRA ANA AZUL;363,2;
NOVEMBRO;BELEZA GENEROSA;VENDA AUREA ;;270
NOVEMBRO;BELEZA GENEROSA;VENDA TAIS;;180
NOVEMBRO;LANCHE;LANCHE;62,98;
NOVEMBRO;LANCHE;MAIS HAMBURGUERIA;136;
NOVEMBRO;LANCHE;SANTISTA;50;
NOVEMBRO;LANCHE;SR PING;66;
NOVEMBRO;PIZZA;PIZZA;175;
NOVEMBRO;PIZZA;PIZZA LOLA;62,5;
NOVEMBRO;RIACHUELO;RIACHUELO;213,44;
NOVEMBRO;CONTA DE LUZ;C0NTA DE LUZ;201,91;
NOVEMBRO;UNHA;PACOTE;178;
NOVEMBRO;JOÃO LUCAS;BRINQUEDO;32,99;
NOVEMBRO;JOÃO LUCAS;CABELO;28;
NOVEMBRO;JOÃO LUCAS;FRETE;1,05;
NOVEMBRO;JOÃO LUCAS;PLASTICO;47,7;
NOVEMBRO;JOÃO LUCAS;ROUPA;50;
NOVEMBRO;JOÃO LUCAS;SHAMPOO;15,99;
NOVEMBRO;CONTA DA NET;CONTA DE NET;174,06;
NOVEMBRO;CARTAÃO NUBANK;CARTAÃO NUBANK;167,44;
NOVEMBRO;NATAL;ROUPA MINHA;165;200
NOVEMBRO;CASA;GLOBO DA LUIZ;34,67;
NOVEMBRO;CASA;SUPORTE COMADA;60;
NOVEMBRO;CASA;TELA MOSQUITO;21,99;
NOVEMBRO;CASA;VENENO;25,8;
NOVEMBRO;FEIRA;FEIRA;131,7;
NOVEMBRO;CABELO;CABELO;110;
NOVEMBRO;ESCOLA ;ESCOLA JL;50;
NOVEMBRO;ESCOLA ;FESTA DA FAMILIA;49,5;
NOVEMBRO;ESCOLA ;FRUTA;10;
NOVEMBRO;PASTEL;PASTEL;107;
NOVEMBRO;SORVETE;FRUTO DE GOIAS ;41,99;
NOVEMBRO;SORVETE;SORVETE;56,79;
NOVEMBRO;CONTA DE ÁGUA;CONTA DE ÁGUA;66,09;
NOVEMBRO;PADARIA;PADARIA;59,06;
NOVEMBRO;DIVERSOS;DIVERSOS;24;
NOVEMBRO;DIVERSOS;MAQUINA BICH;4;
NOVEMBRO;DIVERSOS;RIFA;20;
NOVEMBRO;DOCES;AMERICANAS ;36,97;
NOVEMBRO;ESFIHA;ESFIHA;29,98;
NOVEMBRO;RAFAEL;RAFAEL;26;
NOVEMBRO;MARMITEX;MARMITEX;26;
NOVEMBRO;AÇAI;AÇAI;25;
NOVEMBRO;MEU;CINTO;23,99;
NOVEMBRO;ESTACIONAMENTO;ESTACIONAMENTO;18;
NOVEMBRO;AGUA;AGUA;6;
NOVEMBRO;BANCO;SALDO;;2362,75
DEZEMBRO;CARTÃO  ITAÚ;CARTÃO CREDITO;1709,15;100
DEZEMBRO;TERRENO;TERRENO;1407,14;
DEZEMBRO;SUPERMERCADO;ATACADÃO ;412,54;
DEZEMBRO;SUPERMERCADO;COLINAS;236,86;
DEZEMBRO;SUPERMERCADO;MAXIMO;44,03;
DEZEMBRO;SUPERMERCADO;MERCADINHO;32,82;
DEZEMBRO;SUPERMERCADO;SWFIT;31,95;
DEZEMBRO;CARTÃO NUBANK;CARTÃO NIUBANK;731,87;100
DEZEMBRO;PRESENTE ;AMERICANAS;40,35;
DEZEMBRO;PRESENTE ;CACAU SHOW SOLANGE;40,8;
DEZEMBRO;PRESENTE ;ISABELA;124,41;
DEZEMBRO;PRESENTE ;NEUZINHA;74;6902,6
DEZEMBRO;PRESENTE ;PANETONE AUREA ;18,99;
DEZEMBRO;PRESENTE ;PAPEL DE PRESENTE;15,46;
DEZEMBRO;PRESENTE ;PIETRO;67,9;
DEZEMBRO;PRESENTE ;TARCISIO;41,98;
DEZEMBRO;CARRO;CARRO;377;
DEZEMBRO;COMBUSTIVÉL;COMBUSTIVÉL;300;
DEZEMBRO;JOÃO LUCAS;BRIQUEDO ;95,47;
DEZEMBRO;JOÃO LUCAS;CABELO;25;
DEZEMBRO;JOÃO LUCAS;CAPINHA E PELICULA;30;
DEZEMBRO;JOÃO LUCAS;MEIA;10;
DEZEMBRO;JOÃO LUCAS;PRESENTE ;129,9;
DEZEMBRO;MEU;BATOM;8;
DEZEMBRO;MEU;BENEDITA;55;
DEZEMBRO;MEU;CAPINHA CELULAR;25;
DEZEMBRO;MEU;PRESENTE ;130,12;
DEZEMBRO;MEU;SUMIRE;60,09;
DEZEMBRO;LANCHE;MAIS HAMBURGUERIA;69,2;
DEZEMBRO;LANCHE;MARCINHO;53;
DEZEMBRO;LANCHE;SERVE QUENTE;52;
DEZEMBRO;LANCHE;VILA LANCHES;36,65;
DEZEMBRO;C0NTA DE LUZ;C0NTA DE LUZ;179,28;
DEZEMBRO;CONTA DE NET;CONTA DE NET;176,6;
DEZEMBRO;ESCOLA ;ESCOLA JL;100;
DEZEMBRO;ESCOLA ;PRESENTE ;26,7;
DEZEMBRO;PADARIA;PADARIA;121,13;
DEZEMBRO;BELEZA GENEROSA;BIANCA ;;93
DEZEMBRO;BELEZA GENEROSA;NEUSINHA;;126
DEZEMBRO;BELEZA GENEROSA;ROUPAS;116,43;
DEZEMBRO;BELEZA GENEROSA;ROUPAS - LUIS FELIPE;;99
DEZEMBRO;GELEZA GENEROSA;BENEDITA;112,3;
DEZEMBRO;PASTEL;PASTEL;108;
DEZEMBRO;LINDINHA;NEXGARD;73,9;
DEZEMBRO;LINDINHA;PRESENTE ;33;
DEZEMBRO;RIACHUELO;RIACHUELO;97,78;
DEZEMBRO;AÇAI;AÇAI;89,16;
DEZEMBRO;AÇAI;AMANDA;;10
DEZEMBRO;ESCOVA;ESCOVA;70;
DEZEMBRO;CONTA DE ÁGUA;CONTA DE ÁGUA;66,09;
DEZEMBRO;CHOCOLATE;CHOCOLATE;50,96;
DEZEMBRO;MARMITEX;MASSA ;19,9;
DEZEMBRO;MARMITEX;MISTURA;30;
DEZEMBRO;PIZZA;PIZZA;48;
DEZEMBRO;NATAL;CAIXA;2;
DEZEMBRO;NATAL;EMBALAGEM;6,8;
DEZEMBRO;NATAL;GERALDO;30,97;
DEZEMBRO;SORVETE;SORVETE;39,25;
DEZEMBRO;FRANGO ASSDO;COMIDA;35;
DEZEMBRO;COMIDA;COMIDA;34;16
DEZEMBRO;FEIRA;FEIRA;30;
DEZEMBRO;DOCE;AMERICANAS;28,6;
DEZEMBRO;CASA;TOMADA;24;
DEZEMBRO; CASA;SABONET LIQUIDO;16;
DEZEMBRO;ESTACIONAMENTO;ESTACIONAMENTO ;14;
DEZEMBRO;PIPOCA;PIPOCA;12;
DEZEMBRO;FARMACIA;FARMACIA;10,9;
DEZEMBRO;RAFAEL;RAFAEL;7;
DEZEMBRO;BANCO;SALDO;;998,45
DEZEMBRO;LOWELL;MARCELA;;147
